Power_network_size,cluster_method,Base_Year,Rep-Days,Emis-case,Elec_scenario,reduc-goal,RPS,UC-active?,UC-rlx?,int-vars-rlx?,Metal-air-cost,MI-gap(%),Run time(sec),Total-cost,Power-cost,est-cost,decom-cost,FOM,VOM,nuc-fuel-cost,gas-fuel-cost,startup-cost,e-shed-cost,storage1-cost,storage2-cost,tran-est-cost,trans_FOM,CCS-cost,emission_e,num-est-tran,total-str1-lev,total-str1-cap,num-est-str1,total-str2-lev,total-str2-cap,num-est-str2,total-flow,NG-cost,NG-import-cost,LCDF-import-cost,inv-storage,FOM-storage,g-shed-cost,pipe-est-cost,pipe_FOM,pipe_Dec_cost,emission_g,num-est-pipe,num_decom_pipe,num_operational_pipe,total-ng-shed,total-LCDF-import,total-flowGE,total-flowGL,Production:,ng,solar,wind,hydro,nuclear,OCGT,CCGT,CCGT-CCS,solar-UPV,wind-new,wind-offshore,nuclear-new,established:,ng,solar,wind,hydro,nuclear,OCGT,CCGT,CCGT-CCS,solar-UPV,wind-new,wind-offshore,nuclear-new,decommissioned:,ng,solar,wind,hydro,nuclear,OCGT,CCGT,CCGT-CCS,solar-UPV,wind-new,wind-offshore,nuclear-new
17,joint_CF_with_extreme_days,2004,5,4,ME,0.9,0.5,TRUE,TRUE,FALSE,no-metal-air,0.645362676,35.62191963,61237706940,8480259696,5256312316,123200000,2443673600,269910264.6,0,32435529.21,62195200,0,253046223.6,0,0,71922091.53,0,315428.0822,0,8954.213152,4631.480827,17,0,0,0,4835329.8,52757447244,694196320.1,4995321869,0,505800000,45353720493,1134656561,59532000,14220000,6434571.918,12,16,21,4.54E+06,249766093.5,5951473.249,1539170.792,Production:,684077.3849,703022.7416,4214437.457,26017200,0,30836375.42,56154000.29,0,28108232.59,37890725.36,42138074.34,0,established:,0,0,0,0,0,60,12,0,2143,875,916,0,decommissioned:,6,0,2,0,4,0,0,0,0,0,0,0
17,joint_CF_with_extreme_days,2004,5,4,HE,0.9,0.5,TRUE,TRUE,FALSE,no-metal-air,0.551918549,67.54090357,28864549613,8875053754,5546109404,120500000,2586462600,323581854.8,0,45088806.38,96950596.25,0,129527207.9,0,0,71922091.53,0,438478.3006,0,4311.178608,2595.772598,17,0,0,0,4835329.8,19989495858,694134521.7,3442914278,0,505800000,14049318910,1220078149,63030000,14220000,6311521.699,12,18,21,1.40E+06,172145713.9,8273175.483,512039.8063,Production:,950939.7107,703022.7416,4547709.341,26017200,0,42559963.16,53013670.22,0,28107553.65,37587599.56,51292524.99,0,established:,0,0,0,0,0,59,11,0,2143,868,1115,0,decommissioned:,1,0,0,0,4,0,0,0,0,0,0,0
17,joint_CF_with_extreme_days,2004,5,4,HE,0.8,0.5,True,True,False,no-metal-air,0.09038594419213464,67.60898208618164,26970835274.06923,8887798394.605585,5596520067.344913,123000000.0,2587598600.0,324433043.96607286,0.0,41968826.082193665,97099367.43432361,0.0,87225224.33250125,0.0,0.0,71922091.52777812,0.0,408137.2077717949,0,2747.0215533452365,1877.1366475259556,17,0,0,0,4835329.800000026,18083036879.463646,1388238024.8904767,884294997.6610875,0.0,505800000.0,14049318909.509418,1179784947.4026701,61380000.000000104,14220000.0,13091862.792228203,12,16,21,1404931.890950942,44214749.88305436,7700702.033430129,507544.32037709403,Production:,885138.1647620788,703022.7415558003,4547709.340675801,26017200.0,0.0,43002372.42512064,52497745.5083296,0.0,28095116.292179998,37587599.55533687,51338527.2559908,0.0,established:,0.0,0.0,0.0,0.0,0.0,62.0,11.0,0.0,2142.0,868.0,1116.0,0.0,decommissioned:,6.0,0.0,0.0,0.0,4.0,0.0,0.0,0.0,0.0,0.0,0.0,0.0
17,joint_CF_with_extreme_days,2004,5,4,HE,0.8,0.5,True,True,False,no-metal-air,0.09038594419213464,65.97861218452454,26970835274.06923,8887798394.605585,5596520067.344913,123000000.0,2587598600.0,324433043.96607286,0.0,41968826.082193665,97099367.43432361,0.0,87225224.33250125,0.0,0.0,71922091.52777812,0.0,408137.2077717949,0,2747.0215533452365,1877.1366475259556,17,0,0,0,4835329.800000026,18083036879.463646,1388238024.8904767,884294997.6610875,0.0,505800000.0,14049318909.509418,1179784947.4026701,61380000.000000104,14220000.0,13091862.792228203,12,16,21,1404931.890950942,44214749.88305436,7700702.033430129,507544.32037709403,Production:,885138.1647620788,703022.7415558003,4547709.340675801,26017200.0,0.0,43002372.42512064,52497745.5083296,0.0,28095116.292179998,37587599.55533687,51338527.2559908,0.0,established:,0.0,0.0,0.0,0.0,0.0,62.0,11.0,0.0,2142.0,868.0,1116.0,0.0,decommissioned:,6.0,0.0,0.0,0.0,4.0,0.0,0.0,0.0,0.0,0.0,0.0,0.0
17,joint_CF_with_extreme_days,2004,5,4,HE,0.8,0.5,True,True,False,no-metal-air,66.79735050933414,143.02603435516357,36468922726.854324,8950933738.289494,5639363989.944402,123000000.0,2603054600.0,324570880.86965674,0.0,42189251.29539276,96952621.2539503,0.0,92061085.86314958,0.0,0.0,71922091.52777812,8468.830590405656,410280.792413913,0,2926.3409179537457,1958.8688771914021,17,0,0,0,4835329.800000026,27517988988.564835,1388358982.2970831,864483905.1252408,0.0,505800000.0,24359315109.904312,349744991.23822254,43296000.0,6990000.0,13089719.207586084,6,9,22,2435931.51099043,43224195.25626202,7741147.02667753,2480672.2668705545,Production:,889787.0145606434,703022.7415558003,4547709.340675801,26017200.0,0.0,42788172.666666195,52585534.26263764,168335.65637456017,28108232.592970178,37587599.555337004,51292524.991424836,0.0,established:,0.0,0.0,0.0,0.0,0.0,60.0,11.0,1.0,2143.0,868.0,1115.0,0.0,decommissioned:,6.0,0.0,0.0,0.0,4.0,0.0,0.0,0.0,0.0,0.0,0.0,0.0
17,joint_CF_with_extreme_days,2004,5,4,HE,0.8,0.5,True,True,False,no-metal-air,45.77877108367131,140.43745040893555,62101700048.4953,9072908529.02191,5639363989.944402,123000000.0,2603054600.0,322254958.3620371,0.0,32767443.089404866,62195199.824258834,0.0,251114144.70365748,0.0,0.0,71922091.52777812,3544.6597804680414,318655.8685758633,0,8805.066672101875,4662.896611861888,17,0,0,0,4835329.800000026,53028791519.47339,1388378244.9336896,778376226.1150227,0.0,505800000.0,50125433136.13849,190183912.2862224,31020000.000000004,9599999.999999998,13181344.131424135,4,14,17,5012543.31361385,38918811.30575114,6012374.878789837,2801574.3653556346,Production:,691077.5722746983,703022.7415558026,4547709.340675801,26017200.0,0.0,42223904.34779633,53667737.950344905,57428.81016536126,28107553.653439995,37587599.55533687,51292524.99142475,0.0,established:,0.0,0.0,0.0,0.0,0.0,60.0,11.0,1.0,2143.0,868.0,1115.0,0.0,decommissioned:,6.0,0.0,0.0,0.0,4.0,0.0,0.0,0.0,0.0,0.0,0.0,0.0
17,joint_CF_with_extreme_days,2004,2,4,HE,0.8,0.5,True,True,False,no-metal-air,0.7871223857585152,23.35793709754944,32560202896.968716,7817153986.417134,4819803489.692541,140100000.0,2164859600.0,276604705.8590286,0.0,0.0,0.0,0.0,343864099.33779263,0.0,0.0,71922091.52777812,0.0,0.0,0,12331.385284006996,6158.532405564149,17,0,0,0,1934131.9199999855,24743048910.551582,1388258143.1209838,715443878.3667415,0.0,505800000.0,21467858222.379433,612456666.684445,39732000.0,13500000.0,13499999.999999996,6,15,16,2146785.8222379433,35772193.91833707,0.0,842605.0362685164,Production:,0.0,1028733.2064035997,2669514.6016635485,26017200.0,0.0,42409063.95771516,32279693.035226386,0.0,41269056.346190915,23217728.586103134,31312476.321280003,0.0,established:,0.0,0.0,0.0,0.0,0.0,74.0,7.0,0.0,2143.0,873.0,680.0,0.0,decommissioned:,40.0,0.0,1.0,0.0,4.0,0.0,0.0,0.0,0.0,0.0,0.0,0.0
17,joint_CF_with_extreme_days,2004,2,4,HE,0.8,0.5,True,True,False,no-metal-air,6.219572084814275,133.26954174041748,11568565362.906618,7817147640.785812,4819803489.692541,140100000.0,2164859600.0,276603179.5013416,0.0,0.0,0.0,0.0,343859280.06415397,0.0,0.0,71922091.52777812,0.0,0.0,0,12331.184438285418,6158.46925770659,17,0,0,0,1934131.9199999855,3751417722.1208057,1388241890.4373074,758379594.8115003,0.0,505800000.0,0.0,1029894236.8720008,54582000.0,14520000.0,13499999.999999996,9,16,18,0.0,37918979.740575016,0.0,571285.8751221087,Production:,0.0,1028733.2064035997,2669514.601663548,26017200.0,0.0,42408897.33431923,32279346.414872706,0.0,41269549.25559,23217728.586103134,31312476.321280003,0.0,established:,0.0,0.0,0.0,0.0,0.0,74.0,7.0,0.0,2143.0,873.0,680.0,0.0,decommissioned:,40.0,0.0,1.0,0.0,4.0,0.0,0.0,0.0,0.0,0.0,0.0,0.0
17,joint_CF_with_extreme_days,2011,3,4,ME,0.85,0.5,True,True,False,no-metal-air,0.9253984100855798,145.50697326660156,13064097799.299639,7877376699.683617,4911688429.321524,155800000.0,2240895600.0,392610317.0125639,0.0,0.0,0.0,0.0,104460261.8217516,0.0,0.0,71922091.52777812,0.0,0.0,0,3215.6310276390323,2309.3688268820633,17,0,0,0,2901197.879999982,5186721099.616022,1041202253.997125,3229686029.818897,0.0,505800000.0,0.0,362638815.8000003,37554000.0,9840000.0,10125000.000000002,6,12,19,0.0,161484301.49094468,0.0,775519.4774416283,Production:,0.0,561977.6844777996,2262194.9238025057,25778420.853155725,0.0,66334182.12797685,30469703.186339844,0.0,0.0,46537706.343190454,73073913.55746078,0.0,established:,0.0,0.0,0.0,0.0,0.0,101.0,7.0,0.0,0.0,953.0,1153.0,0.0,decommissioned:,68.0,0.0,18.0,0.0,4.0,0.0,0.0,0.0,0.0,0.0,0.0,0.0
17,joint_CF_with_extreme_days,2011,3,4,HX,0.8,0.5,True,True,False,no-metal-air,0.8727252365543975,286.7008709907532,10672903727.518105,8135018638.647618,5107984014.450028,155800000.0,2313277600.0,390729870.71978325,0.0,0.0,0.0,0.0,95305061.95003729,0.0,0.0,71922091.52777812,0.0,0.0,0,2821.8767834696782,2199.497483438411,17,0,0,0,2901197.879999982,2537885088.870487,1388265597.3023193,294328886.29616714,0.0,505800000.0,0.0,304616605.2720003,34914000.0,9960000.0,13499999.999999996,5,12,18,0.0,14716444.314808352,0.0,966970.1538040048,Production:,0.0,561977.6844777996,2282913.6449875054,25448060.90257042,0.0,63139715.4850527,37515646.64725989,0.0,0.0,46537706.343190454,76623222.61264257,0.0,established:,0.0,0.0,0.0,0.0,0.0,101.0,9.0,0.0,0.0,953.0,1209.0,0.0,decommissioned:,68.0,0.0,18.0,0.0,4.0,0.0,0.0,0.0,0.0,0.0,0.0,0.0
17,joint_CF_with_extreme_days,2004,3,4,HX,0.8,0.5,True,True,False,no-metal-air,0.623834921382009,307.3246719837189,11762409732.32829,8912653872.2298,5629092769.29849,152800000.0,2514308600.0,439986674.1759365,0.0,0.0,0.0,0.0,104543737.22762468,0.0,0.0,71922091.52777812,0.0,0.0,0,3203.618982494592,2323.2687416410995,17,0,0,0,2901197.879999982,2849755860.098492,1388215041.6712213,545708002.6272713,0.0,505800000.0,0.0,362638815.8000003,37554000.0,9840000.0,13499999.999999996,6,12,19,0.0,27285400.131363574,0.0,124996.35824637153,Production:,0.0,571571.4731404003,2241260.593302224,24476289.816453986,0.0,73264000.58655933,36833335.62156996,0.0,0.0,46406179.88867802,85116449.57431492,0.0,established:,0.0,0.0,0.0,0.0,0.0,118.0,9.0,0.0,0.0,953.0,1343.0,0.0,decommissioned:,62.0,0.0,18.0,0.0,4.0,0.0,0.0,0.0,0.0,0.0,0.0,0.0
17,joint_CF_with_extreme_days,2004,3,4,RF,0.9,0.5,True,True,False,no-metal-air,0.5790890437759997,376.1549425125122,15573029614.718964,6877557600.375599,4184054451.2828584,155800000.0,1968926600.0,353962496.22664,0.0,0.0,0.0,0.0,142891961.33832178,0.0,0.0,71922091.52777812,0.0,0.0,0,4791.283148455115,2834.4478042680994,17,0,0,0,2901197.879999982,8695472014.343365,694122306.2317669,6598334567.736498,0.0,505800000.0,0.0,834875140.3751123,48840000.000000015,13500000.0,6749999.999999998,11,15,21,0.0,329916728.3868259,0.0,308665.3717847822,Production:,0.0,571571.4731404014,2269509.104205584,25648735.68652496,0.0,63882183.59225822,17275789.132674474,0.0,0.0,46537706.343190454,57166818.7014386,0.0,established:,0.0,0.0,0.0,0.0,0.0,93.0,4.0,0.0,0.0,953.0,902.0,0.0,decommissioned:,68.0,0.0,18.0,0.0,4.0,0.0,0.0,0.0,0.0,0.0,0.0,0.0
17,joint_CF_with_extreme_days,2011,3,4,ME,0.8,0.5,True,True,False,no-metal-air,0.9056630454782987,391.7799696922302,12178041093.155642,7889331635.213756,4959202172.831676,157800000.0,2244858600.0,383284484.71836746,0.0,0.0,0.0,0.0,72264286.13593689,0.0,0.0,71922091.52777812,0.0,0.0,0,2064.873781755557,1729.579884922067,17,0,0,0,2901197.879999982,4288709457.9418855,1388254140.7895799,1956101124.1585257,0.0,505800000.0,0.0,390038192.9937781,38676000.0,9840000.0,13499999.999999994,6,12,19,0.0,97805056.20792647,0.0,775519.4774409527,Production:,0.0,561977.6844777996,2282913.6449875054,25722243.30732931,0.0,63218374.22410909,33596306.798910975,0.0,0.0,46537706.343190454,73028371.67485681,0.0,established:,0.0,0.0,0.0,0.0,0.0,101.0,8.0,0.0,0.0,953.0,1153.0,0.0,decommissioned:,72.0,0.0,18.0,0.0,4.0,0.0,0.0,0.0,0.0,0.0,0.0,0.0
17,joint_CF_with_extreme_days,2011,3,4,HE,0.8,0.5,True,True,False,no-metal-air,0.6982170848608314,402.8327009677887,11707349570.442953,8962496306.873735,5651856816.562308,153849500.0,2524145800.0,466701181.93819857,3.9171072785393334e-10,0.0,0.0,0.0,94020916.84546597,0.0,0.0,71922091.52777812,0.0,0.0,0,2694.084943171794,2244.072664680687,17,0,0,0,2901197.879999982,2744853263.569218,1388210704.6531615,440809743.11606383,0.0,505800000.0,-7.690437326747104e-06,362638815.8000003,37554000.0,9840000.0,13499999.999999996,6,12,19,-7.690438517790458e-10,22040487.1558032,0.0,52658.590585719074,Production:,1.91210066945153e-06,517787.35039879964,2282913.6449875045,24388019.592838824,0.0,79723318.84991372,34042293.84431025,0.0,0.0,46537706.34319049,88603259.7843678,5.2011728257639334e-11,established:,0.0,0.0,0.0,0.0,0.0,116.0,8.0,0.0,0.0,953.0,1400.0,0.0,decommissioned:,64.0,11.0,18.0,0.0,4.0,0.0,0.0,0.0,0.0,0.0,0.0,0.0
17,joint_CF_with_extreme_days,2004,3,4,HE,0.8,0.5,True,True,False,no-metal-air,0.988155737332078,407.275981426239,13285566541.67485,10034070981.27224,6355982128.968712,149800000.0,2795859600.0,556912555.302878,0.0,0.0,0.0,0.0,103594605.47288683,0.0,0.0,71922091.52777812,0.0,0.0,0,3095.802632172823,2367.262282491811,17,0,0,0,2901197.879999982,3251495560.4026103,1388218149.785778,758379594.8114977,0.0,505800000.0,0.0,546375815.8053339,41052000.0,11670000.0,13499999.999999996,9,13,21,0.0,37918979.74057494,0.0,176663.11221026906,Production:,0.0,571571.4731404003,2236775.927370464,23202200.724660754,0.0,101318687.38494712,25159559.189071227,0.0,0.0,46088989.655812286,100492891.02012236,0.0,established:,0.0,0.0,0.0,0.0,0.0,144.0,6.0,0.0,0.0,953.0,1588.0,0.0,decommissioned:,56.0,0.0,18.0,0.0,4.0,0.0,0.0,0.0,0.0,0.0,0.0,0.0
17,joint_CF_with_extreme_days,2004,3,4,ME,0.85,0.5,True,True,False,no-metal-air,0.6447919119504857,422.68674969673157,14192363243.0051,8283670838.775755,5168280373.285112,151300000.0,2358138600.0,379007172.3252907,0.0,2.1960368030704562e-06,0.0,0.0,155022601.63757244,0.0,0.0,71922091.52777812,0.0,2.135595423169435e-08,0,5160.4442888242875,3106.149138553981,17,0,0,0,2901197.879999982,5908692404.229346,1041175069.6640396,3693414939.81064,0.0,505800000.0,0.0,614068394.7546673,41514000.0,12720000.0,10124999.99999998,9,14,20,0.0,184670746.99053198,4.029425326734782e-07,323069.295199239,Production:,4.625118420536391e-08,571571.4731404003,2254766.846747185,25465908.75961454,0.0,59155375.2608764,41615148.01045423,0.0,0.0,46537706.343190454,76497062.27565008,0.0,established:,0.0,0.0,0.0,0.0,0.0,102.0,10.0,0.0,0.0,953.0,1207.0,0.0,decommissioned:,59.0,0.0,18.0,0.0,4.0,0.0,0.0,0.0,0.0,0.0,0.0,0.0
17,joint_CF_with_extreme_days,2004,3,4,ME,0.9,0.5,True,True,False,no-metal-air,0.39899137382044725,447.93811869621277,15087171737.849651,8285500876.156834,5184679706.399625,152300000.0,2357361600.0,379401003.80237895,0.0,0.0,0.0,0.0,139836474.42705318,0.0,0.0,71922091.52777812,0.0,0.0,0,4573.537366716776,2869.1491385541485,17,0,0,0,2901197.879999982,6801670861.692818,694123182.8715868,4966999845.471008,0.0,505800000.0,0.0,581833833.3502227,40194000.0,12720000.0,6749999.999999998,9,14,20,0.0,248349992.27355087,0.0,323069.29519922746,Production:,0.0,571571.4731404003,2254766.846747224,25465908.75961454,0.0,59310518.81361041,41424204.86716345,0.0,0.0,46537706.343190454,76497062.27565008,0.0,established:,0.0,0.0,0.0,0.0,0.0,103.0,10.0,0.0,0.0,953.0,1207.0,0.0,decommissioned:,61.0,0.0,18.0,0.0,4.0,0.0,0.0,0.0,0.0,0.0,0.0,0.0
17,joint_CF_with_extreme_days,2004,3,4,RF,0.95,0.5,True,True,False,no-metal-air,0.6207229577957649,456.4144937992096,16524646333.723814,6874119923.318758,4169463477.063137,155300000.0,1967566600.0,353149968.310572,0.0,0.0,0.0,0.0,156717786.41727138,0.0,0.0,71922091.52777812,0.0,0.0,0,5302.007393467004,3069.736746228094,17,0,0,0,2901197.879999982,9650526410.405056,347070419.43931544,7871919473.396868,0.0,505800000.0,0.0,862274517.5688896,49962000.00000001,13499999.999999996,3375000.000000003,10,15,21,0.0,393595973.6698435,0.0,308665.3717847968,Production:,0.0,571571.4731404003,2282913.6449875054,25686239.66656924,0.0,63666758.948382154,17408086.78433061,0.0,0.0,46537706.343190454,57230196.5492229,0.0,established:,0.0,0.0,0.0,0.0,0.0,92.0,4.0,0.0,0.0,953.0,903.0,0.0,decommissioned:,67.0,0.0,18.0,0.0,4.0,0.0,0.0,0.0,0.0,0.0,0.0,0.0
17,joint_CF_with_extreme_days,2004,3,4,HX,0.95,0.5,True,True,False,no-metal-air,0.9869968160201213,461.83339977264404,14570282988.86441,8900629438.964458,5565179692.673827,149800000.0,2511122600.0,448991227.3895344,0.0,2.5057343009393806e-06,0.0,0.0,153613827.37332115,0.0,0.0,71922091.52777812,0.0,2.4367691366933297e-08,0,5049.002683101847,3131.280990921094,17,0,0,0,2901197.879999982,5669653549.899951,347070812.73598903,4366462719.60841,0.0,505800000.0,0.0,402932017.55555594,36168000.0,11220000.0,3374999.9999999786,5,13,18,0.0,218323135.98042047,4.5976776164025074e-07,315078.46764979075,Production:,5.284686915405183e-08,571571.4731404003,2278554.2914352254,24717004.424410734,0.0,76344058.72800073,33635466.87476525,0.0,0.0,46368886.190545045,85116449.57431492,0.0,established:,0.0,0.0,0.0,0.0,0.0,117.0,8.0,0.0,0.0,953.0,1343.0,0.0,decommissioned:,56.0,0.0,18.0,0.0,4.0,0.0,0.0,0.0,0.0,0.0,0.0,0.0
17,joint_CF_with_extreme_days,2004,3,4,HX,0.85,0.5,True,True,False,no-metal-air,0.6246356754806837,468.9145767688751,12689173591.10872,8912884712.142303,5616186050.912149,152300000.0,2512408600.0,449857279.1119547,0.0,0.0,0.0,0.0,110210690.59043272,0.0,0.0,71922091.52777812,0.0,0.0,0,3414.333867246896,2418.5699328812816,17,0,0,0,2901197.879999982,3776288878.966418,1041163154.8787677,1819292908.2876506,0.0,505800000.0,0.0,362638815.8000003,37554000.0,9840000.0,10125000.000000002,6,12,19,0.0,90964645.41438241,0.0,124996.35824637154,Production:,0.0,571571.4731404003,2241260.593302224,24561944.6586053,0.0,76594442.69591746,33442532.81618375,0.0,0.0,46461122.04089398,85061507.42209913,0.0,established:,0.0,0.0,0.0,0.0,0.0,120.0,8.0,0.0,0.0,953.0,1344.0,0.0,decommissioned:,61.0,0.0,18.0,0.0,4.0,0.0,0.0,0.0,0.0,0.0,0.0,0.0
17,joint_CF_with_extreme_days,2004,3,4,ME,0.8,0.5,True,True,False,no-metal-air,0.43624831105782624,477.7008545398712,13232275662.732735,8283670838.775757,5168280373.285114,151300000.0,2358138600.0,379007172.3252906,0.0,1.8325505817706096e-06,0.0,0.0,155022601.63757515,0.0,0.0,71922091.52777812,0.0,1.4405520266389414e-08,0,5160.444288824361,3106.149138554049,17,0,0,0,2901197.879999982,4948604823.956978,1388226956.4564905,2419830034.1502647,0.0,505800000.0,0.0,581833833.3502228,40194000.0,12720000.0,13499999.999999981,9,14,20,0.0,120991501.7075133,3.3624781316891856e-07,323069.29519923433,Production:,3.124164013530561e-08,571571.4731404003,2257835.5702502257,25465908.75961454,0.0,59155375.26087641,41615148.01045425,0.0,0.0,46537706.343190454,76493993.5521471,0.0,established:,0.0,0.0,0.0,0.0,0.0,102.0,10.0,0.0,0.0,953.0,1207.0,0.0,decommissioned:,59.0,0.0,18.0,0.0,4.0,0.0,0.0,0.0,0.0,0.0,0.0,0.0
17,joint_CF_with_extreme_days,2004,3,4,HX,0.9,0.5,True,True,False,no-metal-air,0.5673841672649741,537.6645939350128,13619498073.757248,8916676175.922903,5630777025.131872,153300000.0,2510891600.0,450456936.72564673,0.0,0.0,0.0,0.0,99328522.53761154,0.0,0.0,71922091.52777812,0.0,0.0,0,2903.6096222350016,2323.268741643479,17,0,0,0,2901197.879999982,4702821897.834344,694111268.0863149,3092877813.9480286,0.0,505800000.0,0.0,362638815.8000003,37554000.0,9840000.0,6749999.999999998,6,12,19,0.0,154643890.69740105,0.0,124996.35824637151,Production:,0.0,571571.4731404003,2282913.6449875054,24437158.583105825,0.0,76733283.07494047,33395260.67547227,0.0,0.0,46364526.836992785,85116449.57431492,0.0,established:,0.0,0.0,0.0,0.0,0.0,121.0,8.0,0.0,0.0,953.0,1343.0,0.0,decommissioned:,63.0,0.0,18.0,0.0,4.0,0.0,0.0,0.0,0.0,0.0,0.0,0.0
17,joint_CF_with_extreme_days,2004,3,4,HE,0.95,0.5,True,True,False,no-metal-air,0.455854642089227,595.561595916748,15988019071.577757,10035345993.701908,6323059359.678283,148800000.0,2790379600.0,568460548.009622,0.0,0.0,0.0,0.0,132724394.48622473,0.0,0.0,71922091.52777812,0.0,0.0,0,3830.769426499668,3144.9643407547737,17,0,0,0,2901197.879999982,5952673077.875849,347076441.508103,4579134311.792635,0.0,505800000.0,0.0,472236324.57511157,35705999.99999999,12720000.000000004,3375000.000000003,8,14,19,0.0,228956715.5896316,0.0,408965.5072247466,Production:,0.0,571571.4731404003,2257352.1999609447,23219741.071323965,0.0,105169808.7237066,21305752.195544597,0.0,0.0,45980659.969659865,100580644.43368414,0.0,established:,0.0,0.0,0.0,0.0,0.0,145.0,5.0,0.0,0.0,953.0,1587.0,0.0,decommissioned:,54.0,0.0,18.0,0.0,4.0,0.0,0.0,0.0,0.0,0.0,0.0,0.0
17,joint_CF_with_extreme_days,2004,3,4,HE,0.9,0.5,True,True,False,no-metal-air,0.7293349741570299,626.4980161190033,15049587396.302023,10025544843.63991,6323183462.739691,148354000.0,2793267000.0,556648862.2823511,0.0,0.0,0.0,0.0,132169427.090096,0.0,0.0,71922091.52777812,0.0,0.0,0,4126.269565238374,2874.2868422816478,17,0,0,0,2901197.879999982,5024042552.662113,694126278.0951896,3305549406.1322565,0.0,505800000.0,0.0,469012868.4346671,37884000.0,11670000.0,6749999.999999998,8,13,20,0.0,165277470.30661267,0.0,375023.3457722837,Production:,0.0,520211.98443639994,2198973.977039144,23251621.813943528,0.0,101254355.95678835,25188541.249204732,0.0,0.0,46027019.833501935,100644022.28146844,0.0,established:,0.0,0.0,0.0,0.0,0.0,142.0,6.0,0.0,0.0,953.0,1588.0,0.0,decommissioned:,53.0,12.0,18.0,0.0,4.0,0.0,0.0,0.0,0.0,0.0,0.0,0.0
17,joint_CF_with_extreme_days,2011,3,4,HX,0.85,0.5,True,True,False,no-metal-air,0.6297789269481769,663.8696875572205,11596151566.9828,8131746001.55776,5091584681.335518,154800000.0,2314054600.0,390139375.5209549,0.0,0.0,0.0,0.0,109245253.17350894,0.0,0.0,71922091.52777812,0.0,0.0,0,3337.110250002457,2436.4974834386207,17,0,0,0,2901197.879999982,3464405565.4250393,1041201168.196504,1567913791.9565425,0.0,505800000.0,0.0,304616605.2720003,34914000.0,9960000.0,10125000.000000002,5,12,18,0.0,78395689.59782715,0.0,758421.1816467383,Production:,0.0,561977.6844777985,2245046.23421882,25552538.62651163,0.0,62966729.85626397,37652863.1198175,0.0,0.0,46537706.34319048,76623817.9712187,0.0,established:,0.0,0.0,0.0,0.0,0.0,100.0,9.0,0.0,0.0,953.0,1209.0,0.0,decommissioned:,66.0,0.0,18.0,0.0,4.0,0.0,0.0,0.0,0.0,0.0,0.0,0.0
17,joint_CF_with_extreme_days,2004,3,4,RF,0.8,0.5,True,True,False,no-metal-air,0.994930382135708,672.9813895225525,13788336128.761665,6893628832.971405,4157992808.387365,156327000.0,1953300800.0,405400836.4917357,0.0,0.0,0.0,0.0,148685296.5645329,0.0,0.0,71922091.52777812,0.0,0.0,0,5005.406480304562,2932.941463831437,17,0,0,0,2901197.879999982,6894707295.79026,1388323556.8927374,4051164756.4157467,0.0,505800000.0,0.0,883226982.4817786,54252000.0,11940000.0,13499999.999999996,10,13,23,0.0,202558237.82078725,0.0,1933199.7715616056,Production:,0.0,542584.1436126741,2282913.6449875175,25659303.649200097,0.0,81080167.29834716,0.0,0.0,0.0,46537706.343190454,57166818.7014386,0.0,established:,0.0,0.0,0.0,0.0,0.0,103.0,0.0,0.0,0.0,953.0,902.0,0.0,decommissioned:,69.0,6.0,18.0,0.0,4.0,0.0,0.0,0.0,0.0,0.0,0.0,0.0
17,joint_CF_with_extreme_days,2004,3,4,RF,0.85,0.5,True,True,False,no-metal-air,0.8026764725753114,689.9905507564545,14692522812.904507,6876607431.462837,4169339374.0017295,155300000.0,1966286600.0,365044286.74216825,0.0,0.0,0.0,0.0,148715079.1911624,0.0,0.0,71922091.52777812,0.0,0.0,0,5006.507254728298,2933.4478042680958,17,0,0,0,2901197.879999982,7815915381.441669,1041174193.0242205,5324749662.076117,0.0,505800000.0,0.0,880003526.3413341,50688000.0,13500000.0,10125000.000000002,10,15,20,0.0,266237483.1038057,0.0,308665.3717848161,Production:,0.0,571571.4731404121,2266338.668039511,25676001.358438764,0.0,67592967.22732845,13539725.302762965,0.0,0.0,46537706.343190454,57166818.7014386,0.0,established:,0.0,0.0,0.0,0.0,0.0,95.0,3.0,0.0,0.0,953.0,902.0,0.0,decommissioned:,67.0,0.0,18.0,0.0,4.0,0.0,0.0,0.0,0.0,0.0,0.0,0.0
17,joint_CF_with_extreme_days,2004,3,4,HE,0.85,0.5,True,True,False,no-metal-air,0.6296180116790179,716.3340322971344,14147980308.38496,10034852924.70863,6280598383.668278,148300000.0,2776165600.0,619133620.7094544,0.0,0.0,0.0,0.0,138733228.80311894,0.0,0.0,71922091.52777812,0.0,0.0,0,4176.432385059635,3144.9643407586805,17,0,0,0,2901197.879999982,4113127383.6763296,1041192953.0453188,2031926522.392271,0.0,505800000.0,18989039.804073982,469012868.4346675,31746000.00000003,14459999.999999994,10125000.000000002,10,16,19,1898.9039804073982,101596326.11961345,0.0,620162.2324676326,Production:,0.0,571571.4731404003,2220176.068513424,23264818.351569254,0.0,122093972.14189091,4331880.0,0.0,0.0,46017836.10110752,100580644.43368414,0.0,established:,0.0,0.0,0.0,0.0,0.0,154.0,1.0,0.0,0.0,953.0,1587.0,0.0,decommissioned:,53.0,0.0,18.0,0.0,4.0,0.0,0.0,0.0,0.0,0.0,0.0,0.0
17,joint_CF_with_extreme_days,2011,3,4,HE,0.85,0.5,True,True,False,no-metal-air,0.7002915763161343,782.7877564430237,12636090800.283957,8963444517.846882,5651856816.562308,153800000.0,2525309600.0,466535092.9111581,0.0,0.0,0.0,0.0,94020916.8456375,0.0,0.0,71922091.52777812,0.0,0.0,0,2694.0849431781376,2244.0726646836015,17,0,0,0,2901197.879999982,3672646282.437075,1041158817.8607087,1714394648.7764404,0.0,505800000.0,-7.410562710941484e-05,362638815.8000003,39864000.0,8790000.0,10125000.000000002,6,11,20,-7.410562830045821e-09,85719732.43882188,0.0,52658.59058572054,Production:,0.0,561977.6844777992,2241260.5933022234,24390830.500697546,0.0,79697398.04136164,34024051.35217495,0.0,0.0,46409441.947144434,88728986.89802,0.0,established:,0.0,0.0,0.0,0.0,0.0,116.0,8.0,0.0,0.0,953.0,1400.0,0.0,decommissioned:,64.0,0.0,18.0,0.0,4.0,0.0,0.0,0.0,0.0,0.0,0.0,0.0
17,joint_CF_with_extreme_days,2004,3,4,ME,0.95,0.5,True,True,False,no-metal-air,0.37204611286780315,830.129575252533,16010739218.02256,8282522044.286076,5153565296.0039835,151300000.0,2352621600.0,390376044.72081244,0.0,0.0,0.0,0.0,162737012.03350008,0.0,0.0,71922091.52777812,0.0,0.0,0,5484.175928747966,3205.389348105795,17,0,0,0,2901197.879999982,7728217173.7364855,347084589.2548959,6240584751.131372,0.0,505800000.0,0.0,581833833.3502227,40194000.0,12720000.0,3375000.000000003,9,14,20,0.0,312029237.5565686,0.0,543564.4308500995,Production:,0.0,571571.4731403998,2282913.6449875045,25466051.95390542,0.0,62933082.937675245,37855315.01621813,0.0,0.0,46537706.34319049,76469084.72368148,0.0,established:,0.0,0.0,0.0,0.0,0.0,104.0,9.0,0.0,0.0,953.0,1207.0,0.0,decommissioned:,59.0,0.0,18.0,0.0,4.0,0.0,0.0,0.0,0.0,0.0,0.0,0.0
17,joint_CF_with_extreme_days,2011,3,4,RF,0.85,0.5,True,True,False,no-metal-air,0.6671680873537044,886.0511019229889,13501252842.236452,6687055420.894653,4029599326.857322,155331500.0,1921224000.0,334851950.2947725,0.0,0.0,0.0,0.0,174126552.21478122,0.0,0.0,71922091.52777812,0.0,0.0,0,6061.039914196979,3270.1422388591077,17,0,0,0,2901197.879999982,6814197421.341799,1041241638.7523005,4751936914.154835,0.0,505800000.0,0.0,469012868.4346671,31746000.0,14460000.0,10125000.000000002,8,16,17,0.0,237596845.70774174,0.0,1430077.2216213979,Production:,0.0,533873.713330797,2282913.6449875054,25960926.590776853,0.0,58553001.82838694,21043470.57641889,0.0,0.0,46537706.343190454,55835883.897968225,0.0,established:,0.0,0.0,0.0,0.0,0.0,83.0,5.0,0.0,0.0,953.0,881.0,0.0,decommissioned:,67.0,7.0,18.0,0.0,4.0,0.0,0.0,0.0,0.0,0.0,0.0,0.0
17,joint_CF_with_extreme_days,2011,3,4,RF,0.8,0.5,True,True,False,no-metal-air,0.7679484098502781,924.8060460090637,12577256623.524973,6689592221.051086,4047682915.8052154,156327000.0,1920012800.0,347631466.520054,0.0,0.0,0.0,0.0,146015947.19804344,0.0,0.0,71922091.52777812,0.0,0.0,0,4897.573879817173,2895.142238859102,17,0,0,0,2901197.879999982,5887664402.4738865,1388293525.5447507,3478352008.4944677,0.0,505800000.0,0.0,469012868.4346671,31746000.0,14460000.0,13499999.999999996,8,16,17,0.0,173917600.42472324,0.0,1430077.2216214412,Production:,0.0,534499.9847146017,2282913.6449875045,25830656.225244083,0.0,62788086.58966472,16845516.785865143,0.0,0.0,46537706.34319049,55835883.89796831,0.0,established:,0.0,0.0,0.0,0.0,0.0,87.0,4.0,0.0,0.0,953.0,881.0,0.0,decommissioned:,69.0,6.0,18.0,0.0,4.0,0.0,0.0,0.0,0.0,0.0,0.0,0.0
17,joint_CF_with_extreme_days,2020,3,4,HX,0.8,0.5,True,True,False,no-metal-air,0.9881396283034962,121.8533935546875,10349337824.939602,8100078853.584559,5109792373.344818,158300000.0,2299632600.0,395105631.59739614,0.0,0.0,0.0,0.0,65326157.11456756,0.0,0.0,71922091.52777812,0.0,0.0,0,1874.3366579682388,1557.1463524041437,17,0,0,0,2901197.879999982,2249258971.3550425,1388336635.7611642,124750423.30765569,0.0,505800000.0,0.0,190183912.2862224,30228000.0,9960000.0,13499999.999999996,3,12,16,0.0,6237521.165382786,0.0,2145947.0929067037,Production:,0.0,529603.9804185999,2241260.593302224,25049263.604602598,0.0,64348792.937772706,36680833.45426633,0.0,0.0,46509430.51902672,76687195.81900302,0.0,established:,0.0,0.0,0.0,0.0,0.0,101.0,9.0,0.0,0.0,953.0,1210.0,0.0,decommissioned:,73.0,0.0,18.0,0.0,4.0,0.0,0.0,0.0,0.0,0.0,0.0,0.0
17,joint_CF_with_extreme_days,2020,3,4,RF,0.8,0.5,True,True,False,no-metal-air,0.999753078612808,127.99257731437683,12007939655.069942,6623279144.5134735,4042506045.2436614,159300000.0,1897799600.0,343772974.34157175,0.0,0.0,0.0,0.0,107978433.40046184,0.0,0.0,71922091.52777812,0.0,0.0,0,3531.6610049205883,2215.4206989451286,17,0,0,0,2901197.879999982,5384660510.556469,1388303007.9046612,3080524686.8518066,0.0,505800000.0,0.0,362638815.8000003,37554000.0,9840000.0,13499999.999999996,6,12,19,0.0,154026234.34259024,0.0,1588987.2643016896,Production:,0.0,529603.9804185999,2282913.6449875054,25521530.679315988,0.0,62246663.36930478,16269828.747523867,0.0,0.0,46537706.343190454,54504949.094497986,0.0,established:,0.0,0.0,0.0,0.0,0.0,89.0,4.0,0.0,0.0,953.0,860.0,0.0,decommissioned:,75.0,0.0,18.0,0.0,4.0,0.0,0.0,0.0,0.0,0.0,0.0,0.0
17,joint_CF_with_extreme_days,2020,3,4,ME,0.8,0.5,True,True,False,no-metal-air,0.9059808620938768,140.5686731338501,11579822693.897938,7814901572.670696,4848023558.819676,155300000.0,2222921600.0,393297952.76014185,0.0,6.5664667772579815e-06,0.0,0.0,123436369.56310087,0.0,0.0,71922091.52777812,0.0,6.385738333847259e-08,0,4030.754405368349,2537.9409186894436,17,0,0,0,2901197.879999982,3764921121.2272425,1388331587.267736,1514688560.2661774,0.0,505800000.0,0.0,314286973.69333154,28973999.999999914,12840000.0,13499999.999999933,5,15,16,0.0,75734428.01330882,1.204856289405143e-06,2060054.084516572,Production:,1.3848922866725785e-07,529603.9804186167,2282913.644987505,25501526.617785856,0.0,66657018.027737334,30006431.310727283,0.0,1.2902380726449426e-09,46537706.343190454,72549785.52925925,0.0,established:,0.0,0.0,0.0,0.0,0.0,98.0,7.0,0.0,1.503935499763765e-13,953.0,1145.0,0.0,decommissioned:,67.0,0.0,18.0,0.0,4.0,0.0,0.0,0.0,0.0,0.0,0.0,0.0
17,joint_CF_with_extreme_days,2011,3,4,ME,0.95,0.5,True,True,False,no-metal-air,0.6393168557702926,144.05113410949707,14886993034.829563,7902529008.170485,4911688429.321524,155800000.0,2240895600.0,392634554.2452654,0.0,0.0,0.0,0.0,129588333.07591663,0.0,0.0,71922091.52777812,0.0,0.0,0,4144.86007666082,2736.1725367947065,17,0,0,0,2901197.879999982,6984464026.65908,347140396.0367697,5776855841.139643,0.0,505800000.0,0.0,309451789.48266697,35376000.0,9840000.0,3375000.000000002,5,12,18,0.0,288842792.0569824,0.0,1470739.5239424491,Production:,0.0,561977.6844777996,2282913.6449875054,25757702.131970722,0.0,66287809.81535003,30597752.58425763,0.0,0.0,46537706.343190454,73050185.23065743,0.0,established:,0.0,0.0,0.0,0.0,0.0,101.0,7.0,0.0,0.0,953.0,1153.0,0.0,decommissioned:,68.0,0.0,18.0,0.0,4.0,0.0,0.0,0.0,0.0,0.0,0.0,0.0
17,joint_CF_with_extreme_days,2020,3,4,HX,0.85,0.5,True,True,False,no-metal-air,0.9720093633135191,156.82928848266602,11280375408.896835,8104583418.673867,5126191706.45933,159300000.0,2298855600.0,395609196.9490499,0.0,0.0,0.0,0.0,52704823.73771109,0.0,0.0,71922091.52777812,0.0,0.0,0,1434.9715348037414,1320.1463524025608,17,0,0,0,2901197.879999982,3175791990.222968,1041284748.9687177,1398335328.9680278,0.0,505800000.0,0.0,190183912.2862224,30228000.0,9960000.0,10125000.0,3,12,16,0.0,69916766.44840135,0.0,2145947.092906481,Production:,0.0,529603.9804185999,2241260.593302224,24995068.94003742,0.0,64496309.3830647,36563825.0168632,0.0,0.0,46537706.343190454,76654098.68093199,0.0,established:,0.0,0.0,0.0,0.0,0.0,102.0,9.0,0.0,0.0,953.0,1210.0,0.0,decommissioned:,75.0,0.0,18.0,0.0,4.0,0.0,0.0,0.0,0.0,0.0,0.0,0.0
17,joint_CF_with_extreme_days,2020,3,4,HE,0.8,0.5,True,True,False,no-metal-air,0.5845049321264336,177.1346983909607,11378470754.2967,8964757700.376791,5668007943.554005,156300000.0,2519267600.0,474089170.67178,0.0,0.0,0.0,0.0,75170894.62323064,0.0,0.0,71922091.52777812,0.0,0.0,0,1842.0914212655332,2051.976667570258,17,0,0,0,2901197.879999982,2413713053.919908,1388282498.5872445,225360976.37799704,0.0,505800000.0,0.0,251429578.9546669,33000000.0,9840000.0,13499999.999999996,4,12,17,0.0,11268048.818899855,0.0,1248087.4419631152,Production:,0.0,529603.9804185999,2274445.7716708314,23879462.31182589,0.0,81217652.69486709,34000453.59872223,0.0,0.0,46229637.233468205,89869788.15813743,0.0,established:,0.0,0.0,0.0,0.0,0.0,115.0,8.0,0.0,0.0,953.0,1418.0,0.0,decommissioned:,69.0,0.0,18.0,0.0,4.0,0.0,0.0,0.0,0.0,0.0,0.0,0.0
17,joint_CF_with_extreme_days,2011,3,4,HX,0.95,0.5,True,True,False,no-metal-air,0.9873283190953323,217.90652894973755,13397895673.815302,8135018638.647624,5107984014.450029,155800000.0,2313277600.0,390729870.7197833,0.0,0.0,0.0,0.0,95305061.95003729,0.0,0.0,71922091.52777812,0.0,0.0,0,2821.8767834696782,2199.497483438411,17,0,0,0,2901197.879999982,5262877035.167678,347111852.9357181,4115083603.277301,0.0,505800000.0,0.0,251429578.9546669,34122000.0,9330000.0,3375000.000000003,4,11,18,0.0,205754180.16386533,0.0,998771.6452250072,Production:,0.0,561977.6844777996,2282913.6449875054,25449659.116681438,0.0,63139715.4850527,37515646.64725988,0.0,0.0,46537706.343190454,76621624.76324183,0.0,established:,0.0,0.0,0.0,0.0,0.0,101.0,9.0,0.0,0.0,953.0,1209.0,0.0,decommissioned:,68.0,0.0,18.0,0.0,4.0,0.0,0.0,0.0,0.0,0.0,0.0,0.0
17,joint_CF_with_extreme_days,2020,3,4,ME,0.85,0.5,True,True,False,no-metal-air,0.673075331288837,360.24850511550903,12566500447.51406,7821225853.504425,4880822225.048698,157300000.0,2221367600.0,394257949.81176734,0.0,0.0,0.0,0.0,95555987.11619392,0.0,0.0,71922091.52777812,0.0,0.0,0,3000.2874723036525,2063.940918690042,17,0,0,0,2901197.879999982,4745274594.009634,1041168312.2831074,2788273465.926526,0.0,505800000.0,0.0,362638815.8000003,37554000.0,9840000.0,10125000.000000002,6,12,19,0.0,139413673.29632625,0.0,211022.87960568472,Production:,0.0,529603.9804185999,2282913.6449875054,25495484.096497938,0.0,67002997.83588083,29621480.316181637,0.0,0.0,46537706.343190454,72549785.52925928,0.0,established:,0.0,0.0,0.0,0.0,0.0,100.0,7.0,0.0,0.0,953.0,1145.0,0.0,decommissioned:,71.0,0.0,18.0,0.0,4.0,0.0,0.0,0.0,0.0,0.0,0.0,0.0
17,joint_CF_with_extreme_days,2020,3,4,ME,0.95,0.5,True,True,False,no-metal-air,0.058742322602526695,387.86416578292847,14342427260.767063,7818039819.778739,4864422891.934187,156300000.0,2222144600.0,393754057.9771145,0.0,0.0,0.0,0.0,109496178.33966103,0.0,0.0,71922091.52777812,0.0,0.0,0,3515.5209388364265,2300.9409186900393,17,0,0,0,2901197.879999982,6524387440.988323,347175926.8903799,5335443277.247278,0.0,505800000.0,0.0,294946236.8506669,28182000.000000004,12840000.0,3375000.000000003,5,14,17,0.0,266772163.8623637,0.0,2060054.0845163213,Production:,0.0,529603.9804186206,2282913.6449875054,25501526.617785856,0.0,66830007.6830915,29802009.780828487,0.0,0.0,46537706.343190454,72549785.52925923,0.0,established:,0.0,0.0,0.0,0.0,0.0,99.0,7.0,0.0,0.0,953.0,1145.0,0.0,decommissioned:,69.0,0.0,18.0,0.0,4.0,0.0,0.0,0.0,0.0,0.0,0.0,0.0
17,joint_CF_with_extreme_days,2020,3,4,ME,0.9,0.5,True,True,False,no-metal-air,0.4641116977685319,423.56287479400635,13412755019.570826,7814901572.670716,4848023558.819676,155300000.0,2222921600.0,393297952.7601412,0.0,0.0,0.0,0.0,123436369.56312831,0.0,0.0,71922091.52777812,0.0,0.0,0,4030.754405369205,2537.9409186900407,17,0,0,0,2901197.879999982,5597853446.900109,694226838.4625409,4061858371.5869017,0.0,505800000.0,0.0,294946236.8506669,28182000.0,12840000.0,6749999.999999998,5,14,16,0.0,203092918.579345,0.0,2043847.7236833244,Production:,0.0,529603.9804186107,2282913.6449875054,25519376.801550087,0.0,66657018.027737185,30006431.310727622,0.0,0.0,46537706.343190454,72549785.52925928,0.0,established:,0.0,0.0,0.0,0.0,0.0,98.0,7.0,0.0,0.0,953.0,1145.0,0.0,decommissioned:,67.0,0.0,18.0,0.0,4.0,0.0,0.0,0.0,0.0,0.0,0.0,0.0
17,joint_CF_with_extreme_days,2020,3,4,HX,0.9,0.5,True,True,False,no-metal-air,0.832784122407973,504.3963243961334,12236999526.24355,8085945562.870123,5045879296.720156,155300000.0,2296446600.0,403427725.9843887,0.0,0.0,0.0,0.0,112969848.63781007,0.0,0.0,71922091.52777812,0.0,0.0,0,3635.261163839752,2367.146352404152,17,0,0,0,2901197.879999982,4151053963.3734264,694163702.4223728,2671920234.6283937,0.0,505800000.0,0.0,236924026.32266688,32406000.0,9840000.0,6749999.999999998,4,12,17,0.0,133596011.7314195,0.0,997602.5577788262,Production:,0.0,529603.9804185999,2241260.593302224,25309707.43350113,0.0,67204330.3570348,33703037.099607386,0.0,0.0,46524360.43902672,76656449.93770091,0.0,established:,0.0,0.0,0.0,0.0,0.0,100.0,8.0,0.0,0.0,953.0,1210.0,0.0,decommissioned:,67.0,0.0,18.0,0.0,4.0,0.0,0.0,0.0,0.0,0.0,0.0,0.0
17,joint_CF_with_extreme_days,2011,3,4,ME,0.9,0.5,True,True,False,no-metal-air,0.9705348656743351,573.0936479568481,14057934858.806923,7990681817.271714,4981966220.095495,154800000.0,2278875600.0,377681730.13688165,0.0,0.0,0.0,0.0,125436175.51157476,0.0,0.0,71922091.52777812,0.0,0.0,0,3975.1027181279733,2679.0495766420763,17,0,0,0,2901197.879999982,6067253041.535208,694182220.0817082,4503270935.479275,0.0,505800000.0,3.35288440756251e-06,320733885.97422254,31416000.0,11850000.0,6749999.999999998,5,14,17,3.35288440756251e-10,225163546.77396312,0.0,1303791.1480960462,Production:,0.0,561977.6844777996,2249471.048208464,25670842.805125106,0.0,63655753.364506796,29701481.65717387,0.0,0.0,46537706.343190454,76687195.8190029,0.0,established:,0.0,0.0,0.0,0.0,0.0,99.0,7.0,0.0,0.0,953.0,1210.0,0.0,decommissioned:,66.0,0.0,18.0,0.0,4.0,0.0,0.0,0.0,0.0,0.0,0.0,0.0
17,joint_CF_with_extreme_days,2011,3,4,HX,0.9,0.5,True,True,False,no-metal-air,0.9593999871927519,592.064101934433,12548203753.853191,8148875655.433684,5155497757.96018,157800000.0,2317240600.0,381479781.9160805,0.0,0.0,0.0,0.0,64935424.02965054,0.0,0.0,71922091.52777812,0.0,0.0,0,1767.9688209682452,1626.4974834394272,17,0,0,0,2901197.879999982,4399328098.419506,694150155.1794779,2841498697.6169195,0.0,505800000.0,0.0,312675245.62311137,35244000.0,9960000.0,6749999.999999998,5,12,18,0.0,142074934.880846,0.0,772914.5511964455,Production:,0.0,561977.6844777996,2282913.6449875054,25342671.2584151,0.0,60005917.216207646,40725097.917521104,0.0,0.0,46537706.343190454,76591142.46097775,0.0,established:,0.0,0.0,0.0,0.0,0.0,101.0,10.0,0.0,0.0,953.0,1209.0,0.0,decommissioned:,72.0,0.0,18.0,0.0,4.0,0.0,0.0,0.0,0.0,0.0,0.0,0.0
17,joint_CF_with_extreme_days,2011,3,4,HE,0.9,0.5,True,True,False,no-metal-air,0.9976321311961819,594.8025064468384,13590059457.721842,8990880156.416767,5717454149.020352,157300000.0,2525078600.0,467381597.2884523,0.0,0.0,0.0,0.0,51743718.58018523,0.0,0.0,71922091.52777812,0.0,0.0,0,1408.8039386475848,1296.0726646836083,17,0,0,0,2901197.879999982,4599179301.305075,694106931.068255,2987979554.4368215,0.0,505800000.0,0.0,362638815.8000003,39864000.0,8790000.0,6749999.999999998,6,11,20,0.0,149398977.72184095,0.0,52658.59058571873,Production:,0.0,561977.6844777996,2257835.5702502257,24247055.546592094,0.0,79924268.16359766,33880128.23523197,0.0,0.0,46421181.50020488,88700672.36801133,0.0,established:,0.0,0.0,0.0,0.0,0.0,120.0,8.0,0.0,0.0,953.0,1400.0,0.0,decommissioned:,71.0,0.0,18.0,0.0,4.0,0.0,0.0,0.0,0.0,0.0,0.0,0.0
17,joint_CF_with_extreme_days,2020,3,4,HE,0.9,0.5,True,True,False,no-metal-air,0.9751911841124608,600.1893138885498,13242272633.342743,8975493541.686996,5684407276.668516,157300000.0,2518490600.0,474330001.2459226,0.0,0.0,0.0,0.0,69043572.244777,0.0,0.0,71922091.52777812,0.0,0.0,0,1489.6123430087555,2051.976667570341,17,0,0,0,2901197.879999982,4266779091.6557474,694178725.0023414,2772530787.698741,0.0,505800000.0,0.0,251429578.9546669,33000000.0,9840000.0,6749999.999999998,4,12,17,0.0,138626539.38493678,0.0,1248087.4419631162,Production:,0.0,529603.9804185999,2262194.9238025057,23833486.779879354,0.0,81281607.60345776,33960981.61431692,0.0,0.0,46245996.60110092,89865679.63837303,0.0,established:,0.0,0.0,0.0,0.0,0.0,116.0,8.0,0.0,0.0,953.0,1418.0,0.0,decommissioned:,71.0,0.0,18.0,0.0,4.0,0.0,0.0,0.0,0.0,0.0,0.0,0.0
17,joint_CF_with_extreme_days,2020,3,4,RF,0.95,0.5,True,True,False,no-metal-air,0.8012119054607467,602.0957922935486,14837112065.541506,6613652495.198624,3993308045.9001284,156300000.0,1900130600.0,342049367.33422065,0.0,0.0,0.0,0.0,149942390.43649644,0.0,0.0,71922091.52777812,0.0,0.0,0,5085.609646317545,2926.420698945127,17,0,0,0,2901197.879999982,8223459570.342882,347173140.18196446,6901279403.832916,0.0,505800000.0,0.0,420661026.3280004,37686000.0,10860000.0,3375000.000000003,7,12,20,0.0,345063970.1916453,0.0,2018221.6033208573,Production:,0.0,529603.9804185997,2282913.6449875054,25695519.63700334,0.0,61724920.85447643,16712381.530919218,0.0,0.0,46537706.343190454,54504949.094498016,0.0,established:,0.0,0.0,0.0,0.0,0.0,86.0,4.0,0.0,0.0,953.0,860.0,0.0,decommissioned:,69.0,0.0,18.0,0.0,4.0,0.0,0.0,0.0,0.0,0.0,0.0,0.0
17,joint_CF_with_extreme_days,2020,3,4,HE,0.85,0.5,True,True,False,no-metal-air,0.7766379503375686,606.7191035747528,12321560694.822962,8981314622.035126,5699122353.949645,157800000.0,2521130600.0,464166659.6922796,0.0,0.0,0.0,0.0,67172916.86544248,0.0,0.0,71922091.52777812,0.0,0.0,0,1382.0014090491577,2051.9766675667292,17,0,0,0,2901197.879999982,3340246072.7878356,1041230611.7947896,1498945882.0383787,0.0,505800000.0,0.0,251429578.9546669,33000000.0,9840000.0,10125000.000000002,4,12,17,0.0,74947294.10191886,0.0,1248087.441963116,Production:,0.0,529603.9804185999,2257835.5702502257,23824000.01544813,0.0,77892929.08939658,37351007.12264832,0.0,0.0,46250355.9546532,89865679.6383729,0.0,established:,0.0,0.0,0.0,0.0,0.0,114.0,9.0,0.0,0.0,953.0,1418.0,0.0,decommissioned:,72.0,0.0,18.0,0.0,4.0,0.0,0.0,0.0,0.0,0.0,0.0,0.0
17,joint_CF_with_extreme_days,2011,3,4,HE,0.95,0.5,True,True,False,no-metal-air,0.9343398516111344,675.4749419689178,14533425363.706688,9008973043.533695,5757610353.889938,158633000.0,2525689400.0,457130322.4427768,0.0,0.0,0.0,0.0,37987875.67320195,0.0,0.0,71922091.52777812,0.0,0.0,0,1034.279528757249,951.5173744836081,17,0,0,0,2901197.879999982,5524452320.172994,347055044.27580404,4261564460.0971875,0.0,505800000.0,0.0,362638815.8000003,37554000.0,9840000.0,3375000.000000003,6,12,19,0.0,213078223.00485975,0.0,52658.59058565789,Production:,0.0,230215.2119613997,2241260.593302223,24145070.94547264,0.0,76445011.55595282,37452632.33150633,0.0,0.0,46537706.343190484,88934475.427795,0.0,established:,0.0,0.0,0.0,0.0,0.0,119.0,9.0,0.0,0.0,953.0,1405.0,0.0,decommissioned:,73.0,74.0,18.0,0.0,4.0,0.0,0.0,0.0,0.0,0.0,0.0,0.0
17,joint_CF_with_extreme_days,2020,3,4,HE,0.95,0.5,True,True,False,no-metal-air,0.6177494835481616,681.0642023086548,14168805652.21067,8975493541.686993,5684407276.668516,157300000.0,2518490600.0,474330001.2459226,0.0,0.0,0.0,0.0,69043572.24477543,0.0,0.0,71922091.52777812,0.0,0.0,0,1489.6123430087555,2051.9766675702667,17,0,0,0,2901197.879999982,5193312110.523678,347126838.20988595,4046115693.359127,0.0,505800000.0,0.0,251429578.9546669,33000000.0,9840000.0,3375000.000000003,4,12,17,0.0,202305784.6679559,0.0,1248087.4419631155,Production:,0.0,529603.9804185999,2245619.946854504,23833486.779879354,0.0,81281607.60345778,33960981.61431692,0.0,0.0,46262571.57804892,89865679.63837303,0.0,established:,0.0,0.0,0.0,0.0,0.0,116.0,8.0,0.0,0.0,953.0,1418.0,0.0,decommissioned:,71.0,0.0,18.0,0.0,4.0,0.0,0.0,0.0,0.0,0.0,0.0,0.0
17,joint_CF_with_extreme_days,2020,3,4,HX,0.95,0.5,True,True,False,no-metal-air,0.8970555995085147,689.3201198577881,13218092886.403507,8085945562.870123,5045879296.720156,155300000.0,2296446600.0,403427725.98438877,0.0,0.0,0.0,0.0,112969848.63780998,0.0,0.0,71922091.52777812,0.0,0.0,0,3635.261163839748,2367.146352404151,17,0,0,0,2901197.879999982,5132147323.533384,347084858.6748187,3945505140.2887907,0.0,505800000.0,0.0,288499324.569778,36168000.0,9090000.0,3375000.000000003,5,11,19,0.0,197275257.0144396,0.0,548095.5996723163,Production:,0.0,529603.9804185999,2257835.5702502257,25278961.831728958,0.0,67204330.3570348,33703037.099607386,0.0,0.0,46477039.580776736,76687195.81900299,0.0,established:,0.0,0.0,0.0,0.0,0.0,100.0,8.0,0.0,0.0,953.0,1210.0,0.0,decommissioned:,67.0,0.0,18.0,0.0,4.0,0.0,0.0,0.0,0.0,0.0,0.0,0.0
17,joint_CF_with_extreme_days,2011,3,4,RF,0.95,0.5,True,True,False,no-metal-air,0.6695798032857613,691.0784227848053,15391659156.676758,6690841136.194662,4062397993.0863447,156800000.0,1923287600.0,336240622.2353442,0.0,0.0,0.0,0.0,140192829.34520298,0.0,0.0,71922091.52777812,0.0,0.0,0,4682.349773543994,2796.1422388591063,17,0,0,0,2901197.879999982,8700818020.482096,347137865.16739416,7299106725.475592,0.0,505800000.0,0.0,501247429.8391115,33066000.0,14460000.0,3375000.000000003,8,17,17,0.0,364955336.27378035,0.0,1430077.2216214344,Production:,0.0,561977.6844777996,2271725.2053710287,25817750.093364395,0.0,58987792.82725982,20650829.049522515,0.0,0.0,46537706.343190454,55835883.89796831,0.0,established:,0.0,0.0,0.0,0.0,0.0,85.0,5.0,0.0,0.0,953.0,881.0,0.0,decommissioned:,70.0,0.0,18.0,0.0,4.0,0.0,0.0,0.0,0.0,0.0,0.0,0.0
17,joint_CF_with_extreme_days,2011,3,4,RF,0.9,0.5,True,True,False,no-metal-air,0.9239396405840465,695.4109332561493,14476754647.802143,6687296910.519107,4031283582.6907043,155831500.0,1917807000.0,347050946.1608244,0.0,0.0,0.0,0.0,163401790.1397993,0.0,0.0,71922091.52777812,0.0,0.0,0,5611.021193547983,3132.1422388591022,17,0,0,0,2901197.879999982,7789457737.283037,694176663.066921,6025521819.815226,0.0,505800000.0,0.0,514141254.40088934,36828000.0,12990000.0,6749999.999999998,8,14,19,0.0,301276090.99076176,0.0,1211425.5273404908,Production:,0.0,533873.7133309043,2282913.6449875045,25910537.527004085,0.0,62627933.984848574,16955638.11829079,0.0,0.0,46537706.34319049,55835883.89796831,0.0,established:,0.0,0.0,0.0,0.0,0.0,86.0,4.0,0.0,0.0,953.0,881.0,0.0,decommissioned:,68.0,7.0,18.0,0.0,4.0,0.0,0.0,0.0,0.0,0.0,0.0,0.0
17,joint_CF_with_extreme_days,2020,3,4,RF,0.9,0.5,True,True,False,no-metal-air,0.7213775861167367,705.3333542346954,13901071435.366463,6612151796.172402,3976908712.7856174,155813500.0,1897713200.0,341433288.29373807,0.0,0.0,0.0,0.0,168361003.5652691,0.0,0.0,71922091.52777812,0.0,0.0,0,5858.46788395384,3163.4206989451277,17,0,0,0,2901197.879999982,7288919639.194059,694225026.9744201,5627694498.172527,0.0,505800000.0,0.0,414214114.04711145,35046000.0,11940000.0,6749999.999999998,7,13,19,0.0,281384724.9086254,0.0,2018221.6033208573,Production:,0.0,513312.8956275848,2282913.6449875054,25782052.200953517,0.0,61542286.84803501,16860927.026781466,0.0,0.0,46537706.343190454,54504949.094498,0.0,established:,0.0,0.0,0.0,0.0,0.0,85.0,4.0,0.0,0.0,953.0,860.0,0.0,decommissioned:,68.0,3.0,18.0,0.0,4.0,0.0,0.0,0.0,0.0,0.0,0.0,0.0
17,joint_CF_with_extreme_days,2020,3,4,RF,0.85,0.5,True,True,False,no-metal-air,0.46395235500721377,819.3501529693604,12919692483.884773,6613411939.201577,3993308045.900129,156313500.0,1899813200.0,342112711.33717424,0.0,0.0,0.0,0.0,149942390.43649656,0.0,0.0,71922091.52777812,0.0,0.0,0,5085.609646317554,2926.420698945127,17,0,0,0,2901197.879999982,6306280544.683196,1041255864.4412321,4354109592.512186,0.0,505800000.0,7.870429346794641e-08,361027087.7297781,31548000.0,12540000.0,10125000.000000002,6,14,17,7.870429346794641e-12,217705479.62560925,0.0,1666066.897943144,Production:,0.0,516934.1067994001,2282913.6449875054,25695517.7997733,0.0,61737588.939615645,16712383.319548031,0.0,0.0,46537706.343190454,54504949.094498,0.0,established:,0.0,0.0,0.0,0.0,0.0,86.0,4.0,0.0,0.0,953.0,860.0,0.0,decommissioned:,69.0,3.0,18.0,0.0,4.0,0.0,0.0,0.0,0.0,0.0,0.0,0.0
17,joint_CF_with_extreme_days,2011,5,4,HE,0.85,0.5,True,True,False,no-metal-air,0.8330718308844304,247.67501306533813,12975312214.263117,9155377376.637924,5719502655.397605,120000000.0,2744264600.0,335988568.62640923,0.0,59947445.86072375,163699461.08612865,0.0,0.0,0.0,0.0,71922091.52777812,0.0,582975.1615813595,0,0.0,0.0,0,0,0,0,4835329.800000026,3819934837.625192,1041225324.9862518,1934385275.7882771,0.0,505800000.0,0.0,294946236.85066694,32868000.0,10710000.0,9542024.838418644,5,13,17,0.0,96719263.78941394,10999531.350591628,1159853.0364712223,Production:,1264313.9483438742,471179.10488779936,4543957.581944413,26016158.234514043,0.0,46269513.752420045,49159715.06129482,0.0,11517588.286050042,37587599.555337,68589376.46835333,0.0,established:,0.0,0.0,0.0,0.0,0.0,64.0,11.0,0.0,1155.0,868.0,1491.0,0.0,decommissioned:,0.0,0.0,0.0,0.0,4.0,0.0,0.0,0.0,0.0,0.0,0.0,0.0
17,joint_CF_with_extreme_days,2011,5,4,ME,0.85,0.5,True,True,False,no-metal-air,0.08682269800943687,1074.0191543102264,14041844226.323027,8685602674.016632,5385044904.90544,120000000.0,2613991600.0,325482478.09322417,0.0,61928209.11751223,169161599.4901927,0.0,0.0,0.0,0.0,71922091.52777812,0.0,602237.629950122,0,0.0,0.0,0,0,0,0,4835329.800000026,5356241552.306395,1041240250.0047878,3456945512.8189416,0.0,505800000.0,0.0,309451789.48266697,30954000.0,11850000.0,9522762.370049885,5,13,17,0.0,172847275.64094666,11362974.15000245,1405820.667127949,Production:,1306088.982758887,471179.10488780035,4547709.340675801,25489352.714152392,0.0,47984602.738145575,39514509.744350955,0.0,10370815.4264,37587599.55533687,61317250.75210694,0.0,established:,0.0,0.0,0.0,0.0,0.0,71.0,9.0,0.0,1040.0,868.0,1333.0,0.0,decommissioned:,0.0,0.0,0.0,0.0,4.0,0.0,0.0,0.0,0.0,0.0,0.0,0.0
17,joint_CF_with_extreme_days,2004,5,4,HE,0.8,0.5,True,True,False,no-metal-air,0.7630936808590552,1122.757964849472,12283018645.412333,8956504960.623253,5655763323.058913,123500000.0,2605154600.0,325083247.14086115,0.0,41353873.992854595,96952612.2858108,0.0,78120894.63968693,0.0,0.0,71922091.52777812,8191.970213741699,402156.93974702695,0,2411.107451421149,1721.8688771914674,17,0,0,0,4835329.800000026,3326513684.78908,1388236701.578648,910136930.5650985,0.0,505800000.0,0.0,473848052.64533377,35772000.0,12720000.0,13097843.060252968,8,15,19,0.0,45506846.52825494,7587866.787679791,485339.61265279725,Production:,872168.5962850293,703022.7415558003,4547709.340675801,26017200.0,0.0,43011181.29128746,52346949.01850146,162099.9443326216,28108232.592969995,37587599.55533687,51292524.9914245,0.0,established:,0.0,0.0,0.0,0.0,0.0,61.0,11.0,1.0,2143.0,868.0,1115.0,0.0,decommissioned:,7.0,0.0,0.0,0.0,4.0,0.0,0.0,0.0,0.0,0.0,0.0,0.0
17,joint_CF_with_extreme_days,2004,5,4,ME,0.85,0.5,True,True,False,no-metal-air,0.8039427196646517,1157.0261750221252,14463698744.003077,8411562337.270294,5274979672.64435,122500000.0,2459308600.0,291780897.29943484,0.0,48230213.276373714,125077729.08744752,0.0,65993346.71129632,0.0,0.0,71922091.52777812,0.0,469027.76213721884,0,2277.0612769067234,1255.9485171715369,17,0,0,0,4835329.800000026,6052136406.732782,1041182025.2182581,3870406548.164302,0.0,505800000.0,0.0,581833833.3502227,40194000.0,12720000.0,9655972.237862779,9,14,20,0.0,193520327.4082153,8849580.417683257,438570.3720476863,Production:,1017193.1514578596,703022.7415557993,4547709.340675799,26017200.0,0.0,39091337.77326829,45619121.337902,0.0,28108232.592969995,37587599.55533687,43518142.27971979,0.0,established:,0.0,0.0,0.0,0.0,0.0,64.0,10.0,0.0,2143.0,868.0,946.0,0.0,decommissioned:,5.0,0.0,0.0,0.0,4.0,0.0,0.0,0.0,0.0,0.0,0.0,0.0
17,joint_CF_with_extreme_days,2011,5,4,ME,0.8,0.5,True,True,False,no-metal-air,0.09947001268031601,1263.3643779754639,13115311207.455536,8685602674.032125,5385044904.905439,120000000.0,2613991600.0,325482478.0932241,0.0,61928209.11340775,169161599.50569642,0.0,0.0,0.0,0.0,71922091.52777812,0.0,602237.6299102106,0,0.0,0.0,0,0,0,0,4835329.800000026,4429708533.42341,1388292136.79724,2183360607.1435056,0.0,505800000.0,0.0,309451789.48266697,30954000.0,11850000.0,12897762.370089786,5,15,17,0.0,109168030.3571752,11362974.149249392,1405820.667129272,Production:,1306088.9826723319,471179.10488780035,4547709.340675801,25489352.714152366,0.0,47984602.738232136,39514509.74435094,0.0,10370815.4264,37587599.55533687,61317250.752106965,0.0,established:,0.0,0.0,0.0,0.0,0.0,71.0,9.0,0.0,1040.0,868.0,1333.0,0.0,decommissioned:,0.0,0.0,0.0,0.0,4.0,0.0,0.0,0.0,0.0,0.0,0.0,0.0
17,joint_CF_with_extreme_days,2004,5,4,ME,0.95,0.5,True,True,False,no-metal-air,0.8931336997354689,1342.1306464672089,16316764781.774986,8411562337.306361,5274979672.64435,122500000.0,2459308600.0,291780897.29943484,0.0,48230213.276373655,125077729.1235148,0.0,65993346.71129629,0.0,0.0,71922091.52777812,0.0,469027.762137219,0,2277.061276906723,1255.9485171715357,17,0,0,0,4835329.800000026,7905202444.468625,347078251.6333554,6417576359.4850445,0.0,505800000.0,0.0,581833833.3502227,40194000.0,12720000.0,2905972.237862785,9,14,20,0.0,320878817.97425264,8849580.417683259,438570.3720476866,Production:,1017193.1514578606,703022.7415558001,4547709.340675798,26017200.0,0.0,39091337.773268305,45619121.33790202,0.0,28108232.592969995,37587599.55533687,43518142.2797198,0.0,established:,0.0,0.0,0.0,0.0,0.0,64.0,10.0,0.0,2143.0,868.0,946.0,0.0,decommissioned:,5.0,0.0,0.0,0.0,4.0,0.0,0.0,0.0,0.0,0.0,0.0,0.0
17,joint_CF_with_extreme_days,2004,5,4,RF,0.9,0.5,True,True,False,no-metal-air,0.4669234861330216,1678.6056764125824,16525107853.724596,7588389520.538261,4673487592.021627,120500000.0,2225468600.0,308292664.9666126,0.0,65738454.24906046,169217804.11376733,0.0,19500767.9084843,0.0,0.0,71922091.52777812,0.0,639291.3899449852,0,530.9390084431534,488.45372771883547,17,0,0,0,4835329.800000026,8936718333.186335,694126591.133233,6839576601.677988,0.0,505800000.0,0.0,834875140.3751118,48840000.0,13500000.0,6110708.610055012,10,15,20,0.0,341978830.08389986,12062101.69707535,379855.0481225281,Production:,1386448.4709281838,694671.991195363,4544025.760825244,25848121.869728226,0.0,51506669.66451079,21913537.144708805,0.0,28108232.592970006,37587599.55533687,29671460.645263493,0.0,established:,0.0,0.0,0.0,0.0,0.0,75.0,5.0,0.0,2143.0,868.0,645.0,0.0,decommissioned:,1.0,0.0,0.0,0.0,4.0,0.0,0.0,0.0,0.0,0.0,0.0,0.0
17,joint_CF_with_extreme_days,2004,5,4,HX,0.8,0.5,True,True,False,no-metal-air,0.6267524623031145,1687.353605747223,11343851291.884104,8341334259.5516205,5196252236.2894335,123000000.0,2429510600.0,300080253.12144995,0.0,44561931.09981839,112444985.08391109,0.0,108124093.52905063,0.0,0.0,71922091.52777812,0.0,433354.55931934074,0,3814.530948485896,1988.5032486223326,17,0,0,0,4835329.800000026,3002517032.332484,1388246831.8716722,709238025.0119267,0.0,505800000.0,0.0,354580175.4488892,32802000.0,11850000.0,13066645.440680655,5,13,17,0.0,35461901.25059633,8176501.11923286,653598.0699492587,Production:,939827.7148543497,703022.7415558003,4547709.340675801,26017200.0,0.0,40426822.99332709,46623499.79027139,0.0,28095116.292179998,37587599.55533687,42782106.04665898,0.0,established:,0.0,0.0,0.0,0.0,0.0,61.0,10.0,0.0,2142.0,868.0,930.0,0.0,decommissioned:,6.0,0.0,0.0,0.0,4.0,0.0,0.0,0.0,0.0,0.0,0.0,0.0
17,joint_CF_with_extreme_days,2004,5,4,RF,0.95,0.5,True,True,False,no-metal-air,0.8094153939791536,1790.1763124465942,17498617258.438206,7588389520.408536,4673487592.021627,120500000.0,2225468600.0,308292664.9666125,0.0,65738454.251563214,169217803.9840529,0.0,19500767.90848431,0.0,0.0,71922091.52777812,0.0,639291.3899693368,0,530.9390084431536,488.45372771883564,17,0,0,0,4835329.800000026,9910227738.029669,347074704.34077895,8113161507.347559,0.0,505800000.0,0.0,880003526.3413341,50688000.000000015,13499999.999999996,2735708.6100306655,10,16,20,0.0,405658075.3673786,12062101.697534613,379855.0481225271,Production:,1386448.470980997,701997.3075226003,4547709.340675798,25854261.284609865,0.0,51506669.66445802,21913537.144708805,0.0,28108232.592969995,37587599.55533687,29660451.74908603,0.0,established:,0.0,0.0,0.0,0.0,0.0,75.0,5.0,0.0,2143.0,868.0,645.0,0.0,decommissioned:,1.0,0.0,1.0658141036401503e-14,0.0,4.0,0.0,0.0,0.0,0.0,0.0,0.0,0.0
17,joint_CF_with_extreme_days,2011,5,4,HE,0.8,0.5,True,True,False,no-metal-air,0.519668517057139,1979.2077543735504,12095662999.910065,9152839222.071272,5716013586.471189,120000000.0,2744524600.0,336137369.50311184,0.0,60406518.90941451,164241574.56919625,0.0,0.0,0.0,0.0,71922091.52777812,0.0,587439.5416878957,0,0.0,0.0,0,0,0,0,4835329.800000026,2942823777.838793,1388238657.015242,662485041.8662165,0.0,505800000.0,0.0,343298078.9573336,30162000.0,12840000.0,12912560.458312098,5,14,16,0.0,33124252.09331084,11083764.937507614,516284.3828971699,Production:,1273995.969828446,471179.1048878,4547709.340675799,26017200.0,0.0,46310174.80709308,49108257.80925209,0.0,11338093.40367,37587599.55533697,68765192.00240116,0.0,established:,0.0,0.0,0.0,0.0,0.0,64.0,11.0,0.0,1137.0,868.0,1495.0,0.0,decommissioned:,0.0,0.0,0.0,0.0,4.0,0.0,0.0,0.0,0.0,0.0,0.0,0.0
17,joint_CF_with_extreme_days,2004,5,4,HX,0.95,0.5,True,True,False,no-metal-air,0.6925632529979685,2002.4756619930267,14124039540.37624,8341985686.554002,5196847930.984187,123000000.0,2429660600.0,300029411.95300615,0.0,44548184.9587144,112402596.57020865,0.0,108123055.51882195,0.0,0.0,71922091.52777812,0.0,433220.8812498855,0,3814.502687028498,1988.4772486223312,17,0,0,0,4835329.800000026,5782053853.822237,347079380.9347995,4529942297.438552,0.0,505800000.0,0.0,354580175.4488892,32802000.0,11850000.0,2941779.118750117,5,13,17,0.0,226497114.87192726,8173978.891507315,457413.700725958,Production:,939537.803621526,703022.7415557995,4547709.340675801,26017200.0,0.0,40418911.494431965,46618582.73136933,0.0,28108232.592969995,37587599.55533687,42782106.04665898,0.0,established:,0.0,0.0,0.0,0.0,0.0,61.0,10.0,0.0,2143.0,868.0,930.0,0.0,decommissioned:,6.0,0.0,0.0,0.0,4.0,0.0,0.0,0.0,0.0,0.0,0.0,0.0
17,joint_CF_with_extreme_days,2011,5,4,HX,0.8,0.5,True,True,False,no-metal-air,0.3527829111694616,2010.9592499732971,11334242730.982738,8637224326.573574,5316626403.633279,121004500.0,2599177800.0,325953613.33065915,0.0,55453394.78102279,121319723.45272559,0.0,81220194.62913367,0.0,0.0,71922091.52777812,0.0,539271.5455769221,0,2211.3472558785975,2034.3971590672218,17,0,0,0,4835329.800000026,2697018404.4091644,1388255418.1524305,497827582.7402898,0.0,505800000.0,0.0,264323403.51644468,28842000.0,11970000.0,12960728.454423076,4,13,16,0.0,24891379.137014493,10174934.822206022,795390.8470405116,Production:,1169532.7381857694,467835.92970800016,4547709.340675801,25343272.392801274,0.0,48124172.09560452,39742544.58085383,0.0,8712769.567559997,37587599.55533687,62928792.328957655,0.0,established:,0.0,0.0,0.0,0.0,0.0,69.0,9.0,0.0,874.0,868.0,1368.0,0.0,decommissioned:,2.0,1.0,0.0,0.0,4.0,0.0,0.0,0.0,0.0,0.0,0.0,0.0
17,joint_CF_with_extreme_days,2004,5,4,ME,0.8,0.5,True,True,False,no-metal-air,0.8808548731263892,2072.9410440921783,13535029315.150448,8352281882.972916,5232444234.7975025,122500000.0,2441585600.0,286763539.78385544,0.0,46886364.843069226,121420381.9616095,0.0,75646034.90217005,0.0,0.0,71922091.52777812,0.0,455959.14434544556,0,2634.0499994785714,1419.8717956315372,17,0,0,0,4835329.800000026,5182747432.177532,1388233571.6088343,2591890088.6202517,0.0,505800000.0,0.0,641467771.9484451,42636000.0,12720000.0,13044040.855654553,9,14,20,0.0,129594504.43101259,8603002.723499002,432925.0807814998,Production:,988850.8877585031,703022.7415558003,4547709.3406758,26017200.0,0.0,36449900.93592832,49784890.332710646,0.0,28081999.991389986,37587599.55533687,42092072.0781645,0.0,established:,0.0,0.0,0.0,0.0,0.0,62.0,11.0,0.0,2141.0,868.0,915.0,0.0,decommissioned:,5.0,0.0,3.552713678800501e-15,0.0,4.0,0.0,0.0,0.0,0.0,0.0,0.0,0.0
